,us_pmi,gdp_growth,industrial_production,retail_sales,unemployment_rate,us_cpi,core_cpi_yoy,ppi_yoy,wage_growth_yoy,oil_price,us_fed_funds,yield_10y,yield_2y,yield_curve,credit_spreads,money_supply_yoy,vix,equity_index,dollar_index,hy_spreads,equity_momentum_12m,us_gdp,us_industrial_production,us_retail_sales,us_nonfarm_payrolls,us_housing_starts,us_unemployment,us_10y_yield,us_2y_yield,us_treasury_10y,us_m2,us_credit,us_federal_debt_to_gdp,us_debt_service_ratio,us_m2_growth,us_credit_impulse,sector_xlf,sector_xle,sector_xlk,sector_xlv,sector_xli,sector_xlb,sector_xlu,sector_xly,sector_xlp,sector_xlc,SPY,TLT,GLD,DBC,HYG,IEF,EFA,EEM,IWM,QQQ,spy_pe,spy_pb,spy_dividend_yield,recession_probability,yield_curve_spread,vixcls
2018-01-01,55.2,2.8,0.34,0.17,4.1,2.2,1.8,3.1,2.6,64.3,1.28,2.52,2.05,0.47,103.0,4.1,12.1,2649.0,90.1,321.0,0.0,2.7483570765056164,95.95753198553406,495.09223767994257,171221.56197012632,1217.4502803207488,5.0303739624409936,3.674678715439087,3.915167908272122,3.674678715439087,20828.656202959824,4098.663580176178,119.8516088710427,9.858513988677451,5.049552715319335,0.7276295436369798,34.64563454864369,72.89332306003476,137.84866240632397,116.424740578677,97.42299089467384,77.55256224370883,59.02484911743759,143.21260003798417,68.9541858007901,48.98815849754194,397.3548515868939,90.75281905219504,158.94069044335248,14.495820168992328,76.36713864640096,94.86852740432832,65.35042283781702,36.75130922057355,183.7839433999349,348.23225836884217,20.5641622185048,3.7989711531738335,1.1260516600609158,11.144328340425416,-0.8006651056780174,
2018-02-01,55.1,2.97,0.41,0.32,4.0,2.3,2.0,2.7,2.5,66.5,1.33,2.71,2.25,0.46,108.0,4.2,11.0,2727.0,89.9,333.0,0.0,2.430867849414408,97.49121478207732,484.92527671285023,160324.65260551148,1267.861415834701,4.877670421221602,3.756437308117652,3.0719580870455663,3.756437308117652,20814.279567002104,4036.967224738975,122.02445847649982,9.043043928564868,3.464764788439432,0.0519458858072994,36.017713840732874,72.31437971059721,130.90675187778282,116.593538432337,95.15867968340314,80.20256157561832,58.62517221771591,141.6871530636629,68.3215144343738,49.51598693074738,381.4071594884626,88.2561378551404,178.26957814503584,15.002814676295944,72.35242592699652,95.88628813529692,71.09099993291767,37.67914205577264,183.4237897532005,336.08008207160344,21.538950749639497,3.3600513862315404,1.4222958449633982,15.929170834562488,-0.7257305712059104,
2018-03-01,55.7,2.57,0.1,0.24,4.0,2.1,2.0,2.9,2.7,66.6,1.49,2.79,2.39,0.4,105.0,4.0,13.6,2730.0,91.4,330.0,0.0,2.8238442690503462,104.57701058851038,482.2097114074895,134806.30034045986,1341.2931454275624,3.8755179257604633,3.7038030378805655,3.535783118609696,3.7038030378805655,20296.24415264109,3828.328443963757,116.63183393531313,9.332323445818524,5.317394065634326,0.7326400772155792,35.40189819861662,73.24755175658889,128.0611281615592,118.42576343840004,99.34822297307376,76.94498785726506,57.63844059309903,151.7181010333424,66.89210481836682,52.673837922682594,409.2457465671525,88.38115576516145,164.0850335148577,15.516351182333516,77.59256266956798,94.68371769047262,65.97592718637028,36.88689621309225,175.63947592338255,348.22099264906086,24.35945041672142,3.692143938560247,1.5380847779850115,13.34386837129153,-0.9400355571847032,
2018-04-01,56.3,2.94,0.07,0.4,4.0,2.2,1.9,3.3,2.8,70.0,1.55,3.01,2.52,0.48,109.0,4.5,12.9,2757.0,92.3,344.0,0.0,3.261514928204013,101.64375554829844,483.68379430069126,145157.6592713375,1243.6275447196026,4.4857854754771775,3.568004615160092,3.261171276617442,3.568004615160092,20611.091656204564,4140.061975881798,121.14722923855216,9.613163562519356,4.1975996046924,-0.0807165801085823,35.40628517273341,71.10523550408507,138.8872970831154,120.06067578874676,99.52733620444836,75.87685283123577,59.391546584310376,144.59379190624065,70.70513501361307,48.24432300021112,391.9447654490557,92.4315924603958,170.47396726949057,14.765783484079218,75.77551311066048,93.5741457908276,64.73438641078774,33.733446199054875,179.8639349810266,351.8500402470262,22.38821526190672,3.4428490682006565,1.5898437442570068,8.204512019530126,-0.650420644065691,
2018-05-01,55.6,2.88,0.34,1.06,3.9,2.3,2.1,2.4,2.8,71.6,1.67,3.02,2.73,0.29,107.0,3.9,14.4,2825.0,91.5,343.0,0.0,2.382923312638332,97.3511989811648,498.45796581171794,162669.11149186624,1217.777960443357,4.322687974792574,4.024260813972414,3.739489912873196,4.024260813972414,20444.71207726709,3884.872434752445,120.49935662463916,9.969657208770302,6.0752608726252655,0.0786351903160905,36.52945748959748,73.04206165580712,132.34514703728385,120.49024311792812,103.38983039898812,77.00835315855551,57.593754295588646,145.93642405640915,66.43243631863034,50.30923410957174,406.38245883278375,87.86214006968703,170.26341645272353,14.66164131842875,74.59879511909796,96.9905477596271,67.32553071479788,39.986903478111614,181.249246694392,353.70326271601004,20.9375714107848,3.5972171084664684,1.3980386613618234,8.418728048416966,-0.2074062624566063,
2018-06-01,55.8,2.86,0.3,-0.21,4.0,2.2,1.7,3.2,3.0,79.5,1.75,3.31,2.89,0.42,116.0,3.9,17.9,2892.0,93.4,318.0,0.0,2.3829315215254097,102.56633716556678,506.82303949633285,142923.3053438122,1324.3687211491913,4.684315778766174,3.584524941794481,3.666831052643474,3.584524941794481,21876.13522171181,4024.401962929072,121.47735379202445,9.480274921678104,3.310812181910432,-1.998200684532108,37.59552953991905,70.70191222663878,136.1329327099846,117.05026371996172,101.7130869108398,79.86138629809408,60.82711573512052,147.69246404670298,69.78234571824633,50.677113091351615,410.0026850422325,93.58655072578902,175.9548145416247,15.455839164475975,75.70846368167246,96.68265889796758,66.56778541297264,40.790713937979135,181.134744993654,355.416350842497,22.96775330237608,3.1556925830553,1.5068882023411685,13.362895763255992,-0.345311573466813,
2018-07-01,56.9,2.92,0.28,0.55,3.9,2.3,1.8,2.8,2.7,76.9,1.89,3.38,2.91,0.47,108.0,4.3,15.6,2887.0,94.4,339.0,0.0,3.289606407753696,100.4853877467402,505.5338159866004,154438.1942814623,1324.4966571108723,3.517538269709948,4.135228412889919,4.01876997212895,4.135228412889919,21467.83919657373,4512.016907653759,120.86750593172346,9.33344014199204,5.73596380316525,0.9163276747024814,37.3129665378139,72.97866480786618,133.6583356206171,118.44500161644449,98.33715043225888,76.63077655813889,58.835756549656665,146.45278084044006,70.08521082646206,51.489545680324845,422.28128475356726,88.56020431383679,165.62383607190657,14.41877815752274,71.9535536305889,94.0691830880269,66.56308054716874,39.59220060918504,183.83797453163783,358.7799483628445,19.795415700327155,3.52556283489017,1.0023345293174022,20.145659565510016,-0.2064733663915894,
2018-08-01,56.7,2.73,0.29,-0.15,3.8,2.3,1.9,3.3,2.8,72.5,1.98,3.07,2.79,0.28,122.0,4.5,18.2,2717.0,93.8,356.0,0.0,2.8837173645764542,104.84322495266444,516.5436649807205,157746.34053429335,1249.305682462887,4.343025729999219,3.974880945275432,3.2449918005726266,3.974880945275432,21635.77754749708,3980.78802005507,127.36590041973268,10.064347120832178,4.197910783462648,0.3464884758979927,35.41829831228218,71.90314536401779,132.12417916918767,119.92747895560692,104.9344253326822,76.5751085284536,59.857893094803366,152.1229585101013,67.7591299273489,50.53549231219148,397.0322779365197,91.69847059820472,176.52773080028925,14.504536316897948,76.40766706874447,96.11139455223316,67.05707468040724,36.06197805674073,189.68695439108365,365.7582706025474,23.362719020885898,2.602659208729783,1.3683503175332303,22.95929293695577,-0.3433572362198193,
2018-09-01,56.2,2.92,0.13,0.19,3.9,2.3,2.0,2.8,2.8,66.4,2.11,2.96,2.67,0.3,114.0,4.7,21.3,2670.0,95.9,345.0,0.0,2.265262807032524,96.48973453061323,500.2600378375581,140730.69528421917,1252.8961694381678,4.529212243424794,3.880525976566795,3.3650625323533143,3.880525976566795,21360.836032021616,4229.854665257135,118.08678004724604,9.065595829875129,3.348581996385552,0.9980101098596522,35.97938182809313,72.36532076655517,139.5159544496746,118.85942716830832,103.80675605786662,77.31789022915802,60.12128628120276,145.09185939184735,71.03448108262661,50.89909655730993,381.3711435020327,89.82469075934542,184.940825224868,16.354072078137225,73.61595577881657,94.97895294029205,70.07694255134582,37.98255910077966,188.3003999034244,371.27529122325296,22.817214615403536,3.4439311525514045,1.5907017425108936,6.682553245187657,-0.8311009485591108,
2018-10-01,56.9,3.0,0.25,0.64,3.8,2.3,1.9,2.3,3.1,57.7,2.33,3.02,2.63,0.38,109.0,4.3,22.4,2678.0,95.9,378.0,0.0,2.7712800217929825,98.36168926701116,529.0706815431463,149404.746439382,1323.2049937357635,3.1206302567884427,3.546218168979201,3.0106181421088465,3.546218168979201,20435.474114391385,3859.364714974823,118.40700913499457,8.840358213013975,3.5161141659456785,-2.8962553781936893,37.62008682990864,75.71268883937283,140.53047752910072,123.99837560608572,102.66615711630564,76.72271485993609,59.57306208840157,148.09262337483145,68.75143625219796,50.26195766017338,414.8505436403081,91.74854353686348,168.6058167240239,14.61024210941966,73.05369557289124,95.80565589002984,63.82256047874576,38.42069230930012,176.69191608103574,357.598733273686,21.384383057722232,3.010858026885458,1.303541193149064,12.86207815118802,-0.5992367672982672,
2018-11-01,56.6,3.13,0.25,0.33,3.8,2.4,1.8,2.6,3.1,54.0,2.34,2.93,2.66,0.27,119.0,4.7,23.5,2531.0,96.0,398.0,0.0,2.268291153593769,98.0394592343392,494.7068633352409,117587.32659930928,1155.1915658502676,3.4083707436671125,3.7116143347158337,3.277853369961944,3.7116143347158337,20737.73986686012,3993.002301900608,118.13057842072573,9.632004335016,3.67965269180568,2.0883747047807275,36.177865506856094,75.67380703632432,136.88492662914513,121.4090649947414,101.15233739216892,78.7567323082755,60.82896700215882,145.47951581251323,69.74026935958243,51.12134084018889,432.4629431404097,89.51418163432584,176.97262722359417,16.509685994885114,72.79865512154012,95.89663376756772,67.15208343073134,39.67951648996719,186.72480778285555,353.6306420485182,20.32282840310554,3.8617983549640447,1.5117968443179195,7.004911274457532,-0.7340597387352388,
2018-12-01,56.8,2.95,0.09,-0.02,3.7,2.4,2.1,3.3,3.1,51.0,2.63,2.66,2.43,0.22,117.0,4.5,25.7,2491.0,97.0,398.0,0.0,2.267135123214872,92.6824252593394,554.4033833317924,139756.1235866571,1159.2536225623444,2.98038391111995,4.377695612912878,3.688650246522426,4.377695612912878,21244.68728061396,4354.160127127102,118.33356864251924,9.349383732694216,4.424165946401916,-0.1395896281551737,36.8805344438578,75.09510292116232,131.2027767380231,122.35646537625964,99.80489632981076,81.51496542759102,59.60551681265578,144.01689181951542,69.87843456538575,50.58031982225405,428.2930779872257,90.33706479026505,173.31659513511335,16.390302136227444,78.15308759335333,95.42824280209332,64.47253894485621,39.86680145936387,190.62057021213488,356.8084715402196,20.226638155433086,3.733222205829353,1.5893745001605395,5.331849612651958,-0.1008275287882879,
2019-01-01,56.6,2.82,0.48,0.09,3.7,2.4,1.9,3.4,3.1,52.6,2.52,2.67,2.53,0.14,134.0,4.5,27.6,2572.0,97.3,377.0,-2.9,2.6209811357830173,101.48060138532288,512.5133469553001,147474.3184860684,1228.1555778747563,3.865296582777721,4.250458593812191,3.878494308322676,4.250458593812191,20388.93609555403,3874.606588442447,118.08783861808044,9.193630154860786,4.5228354880355,1.1081828167375165,37.596668185243736,72.56555258857206,137.69861605283293,122.4825274431136,101.36186798420997,79.50706608959847,61.512204558983576,146.66884493319947,69.46721158658937,51.77409052462479,419.4459917431077,90.8047299170565,179.35835169361576,14.286241463980486,74.75352140538551,94.93912590067866,67.55680842521463,37.109965655455056,186.2713920010364,363.9231515109423,23.06963467269182,3.640001294589824,1.431490159828447,18.23437365287913,-0.8590365939278934,
2019-02-01,55.0,2.78,0.24,0.49,3.7,2.4,2.1,2.9,3.0,57.0,2.44,2.59,2.39,0.2,124.0,4.8,22.8,2574.0,96.9,398.0,-5.6,1.543359877671101,101.30527636089944,482.8568488716744,137522.1681803515,1278.6552848288152,4.358771127897981,3.5112223776007245,3.038917337911187,3.5112223776007245,21356.499215086194,4362.489711599385,123.56704959332264,9.712506934189806,3.426299996061421,-1.0399059271255309,36.47833648430186,73.99977057687386,140.87420719693054,124.12332118608836,104.84103009587932,78.73364964879495,58.786370993992485,148.89353044221616,71.06561000010112,50.81632019661706,413.8788188665711,88.77875761855753,177.9270641882836,15.418820889833022,79.16384096200167,95.09259147780422,64.72889203726878,38.79049713692351,190.1536973066528,366.8422326049674,24.457961004978124,3.956301868147814,1.534092754199314,17.048988839331756,-0.2318906931832667,
2019-03-01,54.5,2.85,-0.03,0.04,3.7,2.5,2.2,3.7,3.4,55.6,2.32,2.42,2.34,0.09,122.0,4.9,22.1,2680.0,97.1,373.0,-1.9,1.6375410837434836,100.02556728321233,478.58215003877774,166324.11303931635,1331.0907565598004,4.751178526048014,4.049666152714613,3.93480296005283,4.049666152714613,20879.83730092093,4141.550387091095,124.26151274396956,9.57314021413136,3.975645407739017,0.6127739050625697,37.433697995278216,76.63975150068958,135.62350625753302,121.85619822130434,106.85693324655011,78.87139072236164,60.85706453774769,148.02382324299057,71.22035356275603,51.77023212003939,428.3121898217948,92.32502218481616,175.22630039453747,17.37483229461364,75.10911996546167,94.92718157849464,65.85201336074164,39.5892596044112,195.12159319235928,364.22775018139896,20.72538450594241,3.2153250437525487,1.3074534869430776,8.260382276297724,-0.2321138389673692,
2019-04-01,54.6,2.71,0.22,0.31,3.7,2.2,1.8,2.3,3.2,55.9,2.33,2.36,2.36,0.01,112.0,4.6,22.3,2685.0,96.3,361.0,-2.6,2.218856235379514,98.82706433312428,509.6494483048637,135698.58622039368,1447.5356216949551,4.037047390209888,4.375693561685894,4.177818929402475,4.375693561685894,20812.5895962252,3887.5066448211455,118.28776111875158,9.33077641077898,6.142270358611864,-1.053415563173656,36.37856273659556,75.11831332688408,140.97176650632542,118.3270321160377,106.37103937665664,76.9148647818422,63.37000528913722,147.56738539452414,67.5880454136367,51.45576271217544,411.9512849909071,89.87718732488815,181.47550600266865,15.283894709824173,72.85034432577797,95.07179224960088,66.21704908718684,41.63453621055859,190.5402344775229,360.5328092611155,22.91677340710297,4.024208959374668,1.4586777440607908,9.676256661861284,0.0488860605148261,
2019-05-01,53.8,2.56,-0.06,0.24,3.6,2.4,2.0,3.2,3.2,58.6,2.2,2.27,2.19,0.08,117.0,5.3,21.3,2777.0,96.7,353.0,-1.7,1.993584439832788,92.92314628974792,495.530744293483,145599.55513303017,1385.765962320202,4.814307772785646,3.165297359439314,3.7067174516118495,3.165297359439314,21355.479984101745,4126.481547811104,117.50293328068732,9.115908680398732,5.727543170100711,-0.6237689606958051,37.06107455953782,78.7952646133683,140.73720298260147,123.05123686732796,102.16549512749188,81.27839505488511,59.7055933743983,145.6684588150453,72.34807662937746,52.85913720356022,427.8961078140441,90.5066555910067,188.6602947658012,15.884993328052056,74.11634871046412,95.8966771316374,68.8793442820629,40.18009741699885,187.02967550832912,370.4990326891136,17.825945962795863,3.7796574692781153,1.6220432339178446,5.474155072890367,-0.6229059777888493,
2019-06-01,53.9,2.59,0.18,0.01,3.6,2.3,1.9,2.6,3.3,58.6,2.17,2.19,2.09,0.1,104.0,5.5,20.3,2876.0,95.8,353.0,-0.5,2.657123666297637,97.8967733861732,514.2800098818418,151307.40577286092,1284.0061470036574,3.309949270892554,4.271680096189968,4.438397906279033,4.271680096189968,21222.13165574302,4194.510889925346,121.4142466691592,9.761737198484044,4.4363236696740325,1.914031353866786,37.8943797641815,75.90641697676594,142.88245281205627,120.63177328096052,101.04286574314972,79.84960447592161,60.28158214072734,150.28827903505805,68.078551174573,51.69647895224544,429.6330148446783,89.03539763632514,179.28644489678518,16.89579583301093,78.90535817977292,95.3083363964314,68.88510165896916,40.39739048318478,191.3700206836768,378.4407722252361,20.8307645386856,3.429033413834316,1.531394592193687,21.698944113888075,-0.2863033521259513,
2019-07-01,52.8,2.47,0.21,0.83,3.7,2.5,2.1,3.1,3.3,57.6,2.22,2.15,1.9,0.25,106.0,5.2,18.4,2863.0,96.4,347.0,-0.8,2.0459879622393946,98.28642741736616,509.4647524914709,164412.73289066117,1298.098379209731,3.148308780322423,3.6686881205270767,3.1131054004482133,3.6686881205270767,20819.51691709046,4124.36199244344,118.34333086715708,9.695060353387598,4.0380034781682,-0.1906824007633465,36.46054477221081,75.77715810445633,141.86476520162802,121.26415084431812,104.08103408055406,79.87993113484774,61.987357312990326,146.12465383924538,72.30183135470526,49.93520645364713,436.626195460531,85.95967003180697,184.4421632047168,17.301462798439225,76.20627593328328,96.7663894151102,64.67723994590241,39.03512313537679,187.23046326187,384.14306574269295,21.9378821342582,3.840686044154883,1.3826937460872128,24.49381192097103,0.1844955509616528,
2019-08-01,52.0,2.49,-0.11,0.36,3.5,2.2,2.0,3.0,3.2,61.1,2.02,2.08,1.99,0.09,115.0,5.5,14.6,3007.0,95.9,351.0,10.7,1.793848149332354,95.9886136538919,498.5434217468625,135641.3784882056,1199.7470635362192,3.97222615055169,4.28529933429658,2.877672648344292,4.28529933429658,21579.664901682125,3685.9550560219086,121.89879545326652,9.470247240866184,4.120031326718261,0.2174328731797228,38.18370509157314,75.16806425968564,138.9482630568734,124.47635367767892,100.14557797407498,85.8198491303965,61.70935993097931,153.757480288626,72.6237926450004,53.40618593994202,455.0664799071831,90.76252278805266,174.9794183431743,16.35087075250972,75.50583504557302,97.63182446858892,67.39902484850573,41.73658094100941,186.98698509594288,374.1848056134951,20.180633166036333,3.1681119462765097,1.5448432808581587,7.709190735893816,-0.685292503080109,
2019-09-01,52.9,2.25,0.13,-0.45,3.6,2.2,1.8,2.6,3.2,57.2,2.01,2.08,1.9,0.18,112.0,5.7,17.7,3051.0,95.9,346.0,14.3,3.232824384460777,99.19357144166996,483.0641256386319,161631.6375215496,1298.148686400761,4.192032724469653,3.618370421728741,2.610639875547861,3.618370421728741,20459.46833620005,3854.572564835026,120.6087690625539,10.0539910988143,4.613517972730417,0.8700677306887542,37.91200060423216,76.06908713439864,145.81863016764407,126.48459622669132,105.01217379048364,81.10426548639035,62.08834924953756,151.9746505828844,69.4780081860025,51.15429687868968,432.8398223223901,96.03005012033428,177.26601088699428,16.089236793260167,77.00678343965738,95.6247660357384,65.99047884471852,39.78338101360574,185.471844484082,377.1953229833849,20.126987250420807,3.252645751541698,1.6429219581273236,9.629504275305962,-0.960512074259708,
2019-10-01,51.5,2.21,0.02,0.19,3.5,2.2,2.0,2.9,3.3,61.1,1.85,1.81,1.94,-0.12,108.0,5.8,12.5,3137.0,96.8,339.0,17.1,2.387111849756732,102.02025428407268,469.7030555062827,150102.33061019587,1271.1341361079865,3.9836526259529537,3.0975589496677403,4.248022155744591,3.0975589496677403,21307.967803472133,3950.496272889699,115.4527676550083,9.178974570102154,2.9772074348015947,0.4956818879726046,38.46608834907588,75.80424103287547,142.11477272670223,123.6336193525258,104.24153937038388,79.5231600341153,62.42509989569799,147.4322207438809,70.6789592909597,51.56398955760678,425.2718095260576,92.83426881675992,185.0126337990405,18.193454199047903,77.77464980968448,96.50446474149923,65.01311066057704,37.28987237242394,195.4074282399437,373.6245831765871,20.664440887062227,3.31742308302809,1.0900117442845043,22.36819047893868,-1.0640030101723292,
2019-11-01,51.1,2.13,0.05,-0.08,3.5,2.1,1.7,3.2,3.5,61.6,1.82,1.86,1.66,0.2,98.0,5.8,13.5,3186.0,96.6,341.0,25.9,2.533764102343962,109.43092950605264,491.0697009586596,140184.9134895205,1332.271856033809,2.9662789499800617,3.1862287810584187,3.827182828177029,3.1862287810584187,21296.55062898419,3985.113314179991,124.6425156039902,9.04234244872258,3.742623462576655,0.1504189051435764,38.29961323496257,77.37393773812343,142.86989361038587,124.69453209781756,103.80604499709467,80.28121618283612,62.77092104166042,151.4924586642838,69.81734661172894,51.760435227154574,431.5514857937428,91.28678044535047,190.6735921908726,18.594321350544565,79.09021931855192,96.82498631512222,67.21656830878982,41.8669809041058,183.85966389920569,384.1434396215534,22.584385456652747,3.341306687580796,1.7318148129911797,23.52927595912369,-0.2861863913416006,
2019-12-01,49.8,1.95,0.18,0.36,3.6,2.2,1.8,2.8,3.4,60.4,1.84,1.69,1.62,0.07,100.0,5.9,10.9,3295.0,96.3,348.0,32.3,1.7876259068932716,100.8728890641592,517.1279758864695,154621.0347426327,1217.2769056447678,3.955439980243606,4.024042473330691,3.4722076645447726,4.024042473330691,20845.226780343004,4124.134419510136,125.38763301928655,9.292427579035628,2.3314159261224106,0.3649610024662254,39.308179813858594,77.96445864663036,140.5134491348286,128.63057813316004,101.58803879418171,83.16320107912847,63.5450194330973,150.4605693816282,71.334244960591,54.06007467357224,415.5622529993016,90.85976051025816,185.63348843067527,17.918617086926375,79.83675749593043,96.85754443959398,67.15411876043775,40.50424028001781,195.9750916354388,377.539810043634,21.62534196318725,3.183032707171924,1.4327490522637856,13.392547656136207,-1.0649450624175751,
2020-01-01,48.5,2.1,0.1,0.2,3.5,2.5,2.1,3.7,3.3,63.0,1.75,1.8,1.4,0.4,110.0,6.5,14.0,3280.0,96.0,330.0,27.5,2.2278086377374087,101.28775195361382,504.2818748826041,151990.5969557347,1351.9346514241172,3.3477652497475736,4.129861250860741,3.63998431315991,4.129861250860741,21163.06651112106,4035.540200186651,118.16163392854683,9.486324195093353,4.399223122605279,2.403415585238275,38.41343261416652,75.36892288728367,142.34485204160617,125.1440305558269,106.49136601758592,81.60822234851662,62.79180039858538,154.27437048153416,71.37529797131175,50.3314812561897,427.7516638698322,91.4907149181542,182.89254117268544,17.109414528107195,76.30455909396399,96.5217384004462,72.74499923775127,38.27053846376713,191.1740194138825,393.3216395781951,17.523537533350055,3.866924920128597,1.585097986648046,6.012449445381483,-0.6116957158813768,
2020-02-01,36.1,0.3,-0.4,-0.8,3.5,2.3,1.9,2.7,3.1,55.0,1.75,1.5,0.9,0.6,150.0,8.0,18.0,2950.0,99.0,400.0,14.6,2.555461294854933,99.62777042116916,475.08522442576026,143997.83122841205,1453.2738913002577,4.334836274415019,3.547841687447796,2.937255476350812,3.547841687447796,20374.44321180735,3732.93112825798,118.83689532019204,9.573001834796807,4.647195939702741,-0.0576187970335853,38.066114121316666,74.6893043827413,141.38173643623253,131.59570139807383,104.45456417684018,79.17540936457132,62.1020276995983,157.92799564414153,73.18756308756063,56.26477639907419,432.051753932122,92.60026232673596,185.0566979909722,16.300168013298833,74.45633836277568,97.24870651474528,68.87796784349248,38.24583334230995,182.03961370430352,371.297961586683,17.758599694729867,3.4223436798890505,1.7394493847290455,5.787836673856388,-0.3688060438883118,
2020-03-01,41.5,-4.9,-5.2,-8.7,4.4,1.5,1.2,2.2,3.1,25.0,0.25,0.9,0.4,0.5,320.0,10.0,66.0,2400.0,103.0,820.0,-10.4,1.9245032112888487,90.4061439235048,503.4636185170236,150698.02084990015,1289.123985154314,4.183299123048424,4.319296229388687,4.722875989808413,4.319296229388687,21462.01350960345,4076.039570201193,120.85759617217472,9.4276291826431,3.516813537700626,0.2010990467149675,38.60386209881137,74.07411959580581,143.87875218167554,126.61490339189504,103.3177492264976,83.38799039359714,63.44663496819005,148.0235444826758,74.16425829990231,54.10744562250278,432.3494774664372,89.20463942962327,179.41061193256104,16.362326677780782,76.3658407620908,97.04851401292164,65.37729511897345,39.846163138474296,191.2358368264029,387.1265948417404,20.78626964428565,3.605751490507064,1.225665260553907,16.47899732138021,-0.4444473389510258,
2020-04-01,49.0,-9.1,-4.0,17.7,14.7,0.3,0.5,1.0,7.9,21.0,0.25,0.6,0.2,0.4,250.0,18.5,40.0,2750.0,100.0,650.0,2.4,2.687849009172836,99.86743062275391,507.7063475945768,146146.8640313824,1340.1711722098942,3.530060106836322,3.16923996886552,3.5646105909876136,3.16923996886552,20907.548931778507,4122.117149056765,121.00337036996108,9.605616618954288,5.573986763290033,1.050654396007612,39.03704806178333,78.01760540016849,149.89416158500535,120.87984815149608,99.83764963680449,80.89427553651142,65.19876217801438,154.7777220074886,74.47304378847409,53.32387605855413,440.5596932986505,93.85514941343412,189.2876368727407,17.799622539000694,77.79766944690071,95.38884360176908,67.12346403985089,40.22757440981228,179.2589036063202,395.30023001842346,22.915373172107103,3.328894590075896,1.358111799514491,12.85790217786358,-0.3723665407447483,
2020-05-01,52.0,-2.9,1.5,18.2,13.3,0.1,0.5,-0.9,6.6,34.0,0.25,0.7,0.2,0.5,200.0,22.5,27.0,2850.0,97.0,560.0,2.6,2.1996806550405976,100.30115104970513,482.3228512759773,151135.17345251248,1369.014399171111,3.743066541331653,3.9669601006763417,3.5546973973024465,3.9669601006763417,20738.63848974048,4111.958089586208,121.9756328180185,9.124538172742866,2.774234336997659,1.1055259329579838,38.73788323698345,75.63220379156758,141.00477849891678,127.72977255222118,106.36115395587656,85.41954597860598,62.71311829837735,154.2827557770783,71.71698892398797,53.15045997281607,432.25772838702136,93.11750961883428,191.2791351911351,17.779844004021214,75.4339279307113,97.55590305234108,70.41626056676242,39.74398212162386,193.24802201186603,395.693766849972,16.50499031454953,2.9538190098354447,1.4422902608248591,5.57304855155309,-0.4333130432597438,
2020-06-01,55.0,-2.8,3.0,0.9,11.1,0.6,0.5,0.5,4.9,40.0,0.25,0.7,0.2,0.5,160.0,23.0,25.0,3100.0,97.0,480.0,7.8,2.3541531251033616,112.31621056242643,503.0745021189106,156621.30674521046,1259.8779528114164,3.4703932390555243,3.394491900118772,3.862883311949346,3.394491900118772,21524.504612918445,4216.156145110925,126.03061361629904,9.933129381221978,2.53562511979018,1.18703030556038,38.827654075854674,74.14573649705916,140.64124351721316,127.0753491500928,110.58570050062524,84.27584074785948,61.77528057862696,157.32901113620775,72.4271310448049,53.65748297631933,453.1380175166182,93.1833594032231,185.20942785390687,18.84738172547655,75.53148130274003,97.63427878907396,72.6708614493543,40.020207708331554,194.90808512578832,422.35202338679295,21.00053964769674,3.5810172075174265,1.3432492957751143,16.665047846251134,-0.116340256005982,
2020-07-01,57.0,4.0,0.8,1.2,10.2,1.0,0.8,1.6,4.7,42.0,0.25,0.7,0.2,0.5,140.0,24.0,22.0,3200.0,92.0,430.0,11.8,2.199146693885301,99.0381951760944,501.16417436892,165860.16816145353,1322.4092481810417,3.968660451363414,3.67408194609892,3.740504615868357,3.67408194609892,20647.82815472862,4166.784430909781,119.46915831751784,9.475354646482227,4.224451818559972,0.6387302220291846,38.32997291481484,78.40485829737003,150.25688447645672,129.75094752206093,110.60657750092098,81.88413109063315,64.63800005079595,156.24849427060158,70.39652945865652,54.04913828567511,443.3755646250856,92.6841803932821,185.722078417829,18.18057057446385,78.21769624502748,96.04394281148409,65.44249120684938,42.84569788168288,187.8815937157156,400.485952052908,20.94750428696516,2.926323507374067,1.8469873151673617,5.226050731780449,-0.7856949142216391,
2020-08-01,58.0,4.0,0.5,0.4,8.4,1.3,1.1,1.7,4.7,43.0,0.25,0.7,0.2,0.5,130.0,24.5,22.0,3300.0,93.0,400.0,9.8,3.426139092254469,101.50773671166806,477.1405940433875,137621.84501173152,1301.2592400781796,4.477571160250619,4.023699335658207,3.611942012139566,4.023699335658207,20295.76935181822,4091.836015845687,117.60510826638463,9.83518874947644,5.047098302612154,-1.1430049127304835,38.45763107318816,81.9647028423503,145.57684824565283,128.46111488679583,106.21125570538972,85.02712540531114,63.19892617360731,153.54550536735144,71.89360453880994,54.31817087948483,444.7262738970476,91.90670319490604,190.00408994344096,16.11137752956548,77.51715312818439,96.90540771496568,64.97509098875804,41.637062208084224,191.8225577568864,388.5136708990498,24.776675556416897,3.47940978617436,1.3286455812346414,20.74743916298545,-0.7030985415375594,
2020-09-01,57.0,4.3,0.4,1.0,7.9,1.4,1.2,2.0,4.5,40.0,0.25,0.8,0.2,0.6,120.0,25.0,26.0,3360.0,93.0,380.0,10.1,2.493251387631033,99.8264411514738,507.15574720696566,171330.33374656265,1309.7676098548832,3.507136976832228,3.569793317358024,3.104762772277344,3.569793317358024,20221.685413238047,3985.966857708271,115.86204231595642,9.60281760391331,5.6839276914578685,1.633431532301096,37.96225313195784,78.15896124033135,144.55904684426122,126.66411082718436,106.15706117804746,83.16957123536648,60.68757778295284,155.3163768034572,74.73040997976666,54.35212876802548,442.9861130758347,93.27343331530712,187.093509753532,18.75074279844581,77.76438917154607,97.61103983618456,72.59735203749055,39.92343985722884,201.3370522289924,399.1658394568201,21.229956376574272,3.0895054883501567,1.3888906441026267,11.128656454067432,-0.7317978335812472,
2020-10-01,58.5,4.3,0.6,0.2,6.9,1.2,1.0,1.4,4.4,40.0,0.25,0.9,0.2,0.7,115.0,25.5,27.0,3450.0,93.0,360.0,10.0,1.9711445355220496,94.15660981190234,511.2156905273647,130479.12200477498,1222.6990216144534,4.252023257758922,3.8077222278850873,3.735734178567998,3.8077222278850873,21303.00497567282,3667.8078132968017,117.80720988017424,9.637025965746137,3.54111573713106,-1.146345393018688,40.580384286115816,79.70303102225515,150.0474249055617,124.154173983238,108.77829131517228,84.70875139228609,64.77032287909073,154.17560882449388,75.88722965700909,53.97203272528439,449.2627502120837,93.17158007471168,189.54885499916008,16.78507190280607,76.26614186072034,96.77863798764956,69.75513196919964,41.472982607318094,189.3989773220638,383.92428365328726,22.765977969481856,4.096182799769243,1.5408778063205957,5.805160060184642,-0.2509424564412169,
2020-11-01,59.0,4.3,0.3,0.2,6.7,1.2,1.1,1.7,4.4,44.0,0.25,0.9,0.2,0.7,110.0,26.0,25.0,3620.0,92.0,340.0,13.6,2.9112724560515946,105.7141140725751,521.6610248635055,148482.14904964415,1302.4510174258942,3.73487119081378,4.50314640460722,4.4410122482375165,4.50314640460722,20359.785323751858,4085.923643826517,119.9006190813786,9.67093018406966,5.078680833431296,0.3026354652390332,38.28201784542191,78.68514384114599,145.47231000729542,127.10714194069487,105.81560022655684,84.28790121108736,63.129374563079175,160.5516565784553,71.79305500543312,53.78895183404749,457.4076091527005,91.34011134920227,200.98053665667595,17.48349860756572,77.40666845110654,98.12117081885036,67.35980007841594,37.57350640981239,186.99461869122305,402.4470145552252,22.28251428017493,3.7734088166524167,1.2595700947847823,16.767044419663065,-0.2298804234814809,
2020-12-01,60.0,4.3,0.5,0.3,6.7,1.4,1.3,1.8,5.1,48.0,0.25,0.9,0.2,0.7,110.0,26.9,22.0,3750.0,90.0,340.0,13.8,1.8895781750144889,103.75966516343388,521.0760410406981,155883.17206484577,1349.7998291245449,3.603563583868828,3.711554065238426,4.172710023077489,3.711554065238426,21877.39709099218,4041.5375374326222,125.38367359055336,9.634312568005194,3.9614915304992926,-0.7542758500193579,38.81916981766689,78.5887645067014,153.12863155027938,125.75250224074256,108.94105061333778,82.2298683853107,63.86423444384796,157.56217317936466,72.93660481608994,53.97215360484861,441.9311074814452,90.96123018914597,189.8492088456676,18.20200743516736,76.10334094037906,99.47230622955912,70.28612564212439,40.482601087845424,200.0589194219516,396.4887165384261,17.7388670403856,3.531726137381444,1.4208638576487471,12.953688288661096,-0.3646324042044475,
2021-01-01,59.6,0.56,0.75,0.18,6.5,1.2,0.9,2.0,5.3,51.0,0.24,1.1,0.11,0.98,105.0,26.5,21.9,3708.0,89.5,354.0,13.0,2.604431797502378,103.95515973521525,472.4466126408582,152809.91867735033,1445.1143607795043,3.946484820022721,4.4178460560325705,4.296593313319699,4.4178460560325705,19959.03529605814,4054.3157674390745,118.44716610289149,9.692816827960264,3.827372700059181,-0.0641383465929925,38.89515370561693,80.41028140892502,150.04582580678888,126.76774746424267,110.22754528714512,82.77945926096393,64.5701286466072,163.9633282666988,73.96641546094716,54.05668522896145,445.4670278803318,92.37238728931916,189.89504622784568,20.031812068097217,79.81654140056283,96.3826886661602,64.0658539195566,43.35355245850237,202.82498414542505,415.5394449242763,23.53641443326348,3.8791120032964006,1.5634906522500351,24.47600826714299,-0.1449518999330216,
2021-02-01,60.4,1.02,0.61,0.44,6.3,1.9,1.6,2.7,4.9,49.4,0.27,1.21,0.23,0.98,98.0,25.8,22.0,3774.0,90.4,312.0,27.9,1.520164938060112,95.4530627260263,481.2434992016976,143773.00480179407,1395.9270826085208,3.482378838790313,3.435146572671191,3.244392161784408,3.435146572671191,21848.22818414502,3744.650284835938,120.67136385491668,9.898745759039729,4.883659937486672,0.3287624103034804,40.28220456179652,78.66809084978009,146.9097597514665,130.12066529727673,111.50648200820814,85.82924664290003,64.54283030660436,158.07094563675707,74.60698872618121,55.6507615643851,450.4567156158478,95.32695596564098,189.05144759833024,21.230400483716203,80.19098059715834,95.84787105949684,69.46458233849552,39.34704073933573,193.39197233514284,402.4564044829603,22.430793010912577,3.246105206760279,1.4334279191234978,15.883973250074044,-0.8534122602129142,
2021-03-01,59.6,1.45,0.55,0.67,6.1,2.5,2.1,3.5,4.7,59.1,0.26,1.12,0.2,0.91,110.0,24.2,21.6,3907.0,91.7,291.0,62.8,1.8359069755507849,107.0139715546805,510.3007053441732,147918.77749642724,1515.3182457511557,3.723175347326409,4.2649020889576414,3.005197589870709,4.2649020889576414,21105.50873360131,3783.788691918348,119.95073131178174,9.55895635091044,4.65232287841342,0.321357215450273,39.426690859776016,79.75312890733433,155.20686439883264,133.245366169145,108.8519501883706,83.71401446553936,65.37409459119642,156.3837007555251,73.1530645996356,55.1890569728222,441.4810498014124,89.81094247519823,196.61252612256,18.811542336244617,74.51244355263223,97.59297522211092,70.23395559869823,38.13605744396665,198.7922549360779,408.35041313120416,23.01653727934918,3.663043813601028,1.4813226282200105,10.504783620740168,0.000167233465341,
2021-04-01,61.1,1.87,0.53,0.79,5.8,3.4,2.7,4.5,4.9,59.0,0.24,1.29,0.28,1.02,105.0,22.5,21.3,4033.0,91.7,338.0,46.6,2.5984306179345618,92.9907446860386,510.27571901824416,145069.99065341166,1223.2652437111951,3.401061053705576,4.72078431032895,3.437106539950176,4.72078431032895,20951.643444064804,4210.630570666581,123.56517982034426,9.712701127276553,2.4236078430157506,0.4219207542352847,40.7572298027173,80.03278877907024,147.27924077315865,130.2430134474193,108.88926714720104,83.80174941971752,64.04230145319897,154.1922585219522,75.18428433778047,51.43424720066448,448.1929635714597,89.41434705885656,192.58785503752395,18.10596000778564,76.43013490612121,98.0709600954876,71.54733545979856,38.57534029510304,200.80376511982303,404.7287589353536,29.852475412872653,3.559943130115614,1.3941335775103258,19.188777292679497,-0.0430284134863225,
2021-05-01,60.6,2.11,0.64,-0.05,5.7,3.6,2.9,4.7,4.9,61.2,0.26,1.33,0.35,0.98,98.0,21.8,22.6,4103.0,93.3,298.0,44.0,2.8692332899977053,102.93428546900137,510.30095372612095,144106.3524305579,1387.232063672068,4.982362566458194,2.764177749936356,3.5278624561443475,2.764177749936356,20727.540456595525,3992.088969228669,127.58079727762086,9.473079291713832,5.476540349725896,1.613711269058647,39.31662918735189,78.6418986476651,151.68411744132914,126.42082452063624,107.6708479476898,83.06906269944345,65.43209777859278,153.6516397829689,74.01815664204423,55.52269567345985,453.06911656575824,92.7391602366899,190.8495203505616,18.907999624384164,75.38043546572345,97.1787721803721,67.79148520384867,37.74844476868872,190.7454101626093,430.0391159281719,17.831774121002823,3.579206024400101,1.1971059381638467,10.429840050854226,-0.279313400826276,
2021-06-01,61.1,2.78,0.69,0.28,5.4,3.7,3.3,4.8,5.1,69.1,0.26,1.41,0.38,1.03,98.0,18.7,20.4,4202.0,92.9,309.0,35.6,2.585684140594985,110.95227812904989,577.0546298130944,158496.02097021026,1318.3342005738352,4.017631775985865,3.601552372264761,4.047095759235474,3.601552372264761,21199.568057176035,4136.300139474525,118.40739368123904,9.932035164634842,5.380091354147451,0.4535343015139798,40.1750025586947,81.49088221708976,150.7171548496532,130.99934043134826,108.0483331006304,85.61770877295467,64.58427606612885,154.7379938980451,74.88796014789945,55.147944753949695,468.02100024086224,92.57165492178432,201.305315342088,19.34548675117504,77.15778345648741,98.92314018139332,70.11113335895129,38.40637979820243,192.3927479315944,411.0044398087004,25.449393299522217,3.8817060500320304,1.5643186422678477,23.0848658281513,0.0345396726313179,
2021-07-01,61.2,3.27,0.64,0.2,5.2,4.1,3.6,5.7,4.5,67.0,0.26,1.45,0.4,1.05,98.0,19.4,18.9,4258.0,93.4,290.0,33.1,2.44217585880588,95.04731837434656,511.4178102138633,153570.15485965047,1518.9802933217672,3.650137246003707,4.28853606359027,2.6537676851425904,4.28853606359027,20981.182648787577,4005.663675226093,118.53168167244532,9.29708230938222,3.3744372984904705,-0.2441566352906486,39.37991512847653,79.81644993145602,154.08594675976266,133.2678683713028,109.63427655829857,88.60870200126757,66.03876687816582,161.0475763675741,75.90978781778868,55.04568542815048,463.3485048562843,92.87680381066852,202.39921984184528,18.2215010491416,78.37529273511808,96.19151468220446,68.20939171173625,39.283080188362106,201.33509545733995,434.1087029649125,21.42510496119929,3.719747630833941,1.8509866143294484,12.494439410147528,-0.996986962303332,
2021-08-01,63.4,3.65,0.71,0.11,5.0,5.0,4.2,6.6,5.1,68.0,0.23,1.68,0.49,1.19,85.0,16.7,20.3,4360.0,93.7,275.0,32.1,2.349448152205356,97.16851135198614,522.711312803612,143070.90404739347,1219.1701714644848,4.106989955367111,3.898477306978504,4.2647751597303065,3.898477306978504,21551.65094100826,4005.951227899149,123.1324826312072,10.040282129873244,4.395803533437409,0.9640871682883572,41.86069761547172,79.07996437131747,155.22670226487935,128.88444396684187,111.20579447644138,83.49242296143039,66.0349174882531,162.20623332734783,75.2807177420658,54.77142488232512,464.1045738124706,93.07826784160014,192.90149662913785,20.421717380008708,75.72721558469932,98.28328006881476,70.6914904029149,37.26115511826922,203.96724006824127,425.4909152115441,22.57465780880602,3.586617098847507,1.5036803261566876,15.997371255524104,-0.6573344408787956,
2021-09-01,62.2,4.25,0.51,1.06,4.8,4.9,4.2,6.8,4.8,70.8,0.24,1.49,0.59,0.9,93.0,16.1,20.1,4416.0,94.4,304.0,31.4,1.7607390048162863,100.4982568254382,519.0800352698641,158995.9987543325,1216.0278157819223,3.943835975154585,4.185572936685654,3.4209960507105053,4.185572936685654,21057.11382433102,4187.6567611952,122.04567446887891,9.487952614806696,4.494030186282739,1.1894704889246406,39.29088512019808,81.34034346055603,150.99962690502863,130.43468789677092,112.67253678012278,85.55322126911477,64.17549595240227,155.90404517518394,74.79722839312582,56.56784929318943,472.123437453005,92.20419790036894,187.17332433958245,18.94091413268538,76.86712374724334,97.04474158887966,68.51051217455105,40.15171859561005,198.71801875870312,423.73632992395625,21.908975509397514,3.003533769131512,1.54505282344951,6.011462076484577,-0.7205910382045857,
2021-10-01,61.6,4.84,0.76,0.5,4.7,6.4,5.4,9.4,4.7,80.5,0.25,1.55,0.54,1.01,89.0,14.5,16.1,4705.0,94.8,302.0,36.4,2.1400778958026456,97.482621729419,513.0278250261159,153072.99520876608,1240.0607354555978,3.889515200233389,3.69800740664209,3.28655946502629,3.69800740664209,21075.15088073094,3896.791054356525,125.5401219772081,9.070767469364586,4.260673765823907,-1.2276078151369925,40.58520596577198,79.23715002431506,149.0048066299253,131.13457484846458,109.16071715187674,88.11764241408576,66.95996952211188,164.213520195405,75.46811541459319,56.506134530021896,463.6865230798615,95.69057025069812,202.1460021841244,19.29292381198296,76.78726597872857,99.43022127970129,69.6054850686675,41.97322904636847,191.8659884734536,424.1692591840186,21.151527333203912,3.2119861114161607,1.6385445510233718,13.522424759044616,-0.283556202872797,
2021-11-01,63.4,5.6,0.38,-0.19,4.3,6.7,6.0,9.3,4.5,78.0,0.25,1.6,0.65,0.94,86.0,13.1,18.4,4625.0,95.8,277.0,27.8,2.269680614520106,92.24668284466934,493.6946151071931,158128.6211883896,1087.6104275690193,4.3070833500217125,4.04329489373645,2.993947812369916,4.04329489373645,20818.19389389308,4019.224155388197,121.75178455597788,9.538431324473237,3.44969484615458,0.597400069849858,40.94075644450472,80.91255973130868,153.00642245291374,129.36890294020304,114.4766859360483,85.78629638187024,65.00806679846016,160.18914439364914,75.6807085732402,54.74622010756271,470.4106725956744,89.56927638039636,194.287694244694,19.54544232434361,79.29405273108705,99.76359969051752,68.55053788511835,38.40135510958568,206.5618115825936,425.9861657532469,20.860334143522483,3.463187319921283,1.2461339006906602,21.6472707932199,-0.8150422218806437,
2021-12-01,62.0,5.73,0.94,0.67,4.4,6.7,5.8,8.9,4.4,90.3,0.26,1.66,0.66,0.99,89.0,13.1,18.1,4758.0,96.5,241.0,26.9,3.0285611131094576,100.34281487403014,515.1793844098654,156296.2884192361,1247.424497831924,4.378753855023652,3.92216138230396,2.6725716640671155,3.92216138230396,20971.527188139466,3907.5449422589913,118.92212372763882,9.295684502757537,3.328376632061949,0.7011727423108983,40.861159759888906,81.04565056922469,149.9548056979726,133.4084206942591,110.86135940300755,86.89553807772093,66.91192092089801,162.5902195660646,75.43895935879127,56.1766731784876,466.9195896995907,91.17433125164432,202.26638100786204,19.3854420323012,79.10254409575924,97.06466871342148,71.96492308605696,43.30362808824739,194.33309731816908,404.3377320378692,22.65901747114602,3.5280117122829955,1.8405029316259207,21.11297610726684,-0.2727514551987543,
2022-01-01,57.2,5.58,0.43,1.05,3.9,6.5,5.5,9.2,5.3,69.6,0.27,1.64,0.92,0.72,99.0,9.8,16.4,4743.0,95.4,269.0,27.9,2.6718091447842305,94.68848143136948,484.5434957092486,141710.04989077928,1224.08673384463,3.734749426194736,4.583891030829904,3.911585291980957,4.583891030829904,21153.90088444603,3913.1007545135367,121.77196449207692,9.752193064696618,3.9744459290085534,-0.2975635033599919,40.47827589699422,82.9904449535233,158.3895593329413,131.721679391933,111.67588351869853,84.52525630335514,66.49554579657837,167.6651301068029,75.78650470118006,54.792623375137126,472.0512138554421,92.68505674476214,189.0651435620433,19.88713327155395,77.60471766440982,97.34200912915163,72.50003476343382,41.33483718910338,195.67370868450416,422.3918889500586,18.96565260665664,3.160938882597823,1.5404657592845603,9.486371177070524,-0.0888391568009859,
2022-02-01,53.9,5.06,0.08,0.58,3.9,7.8,6.6,10.4,5.1,113.5,0.5,2.03,0.99,1.03,97.0,9.1,21.2,4781.0,96.6,306.0,26.7,1.618479922318633,102.36796215317592,495.2636278651999,144398.1895980303,1315.0393786476209,3.71209087967766,4.127210421650607,3.5366589835942017,4.127210421650607,20144.915803671687,3938.165575306272,123.32611074174872,9.304212806209282,5.172729019259364,1.3757068133116197,40.61903500647832,82.20530030513805,153.1204493667422,133.4401819445197,110.34408611310371,87.26426664356626,68.56433757501438,165.76145207582994,78.75339244250407,54.47639592234664,465.01578691786005,89.66542960660733,203.9810589806532,18.51527693393501,79.48617186476072,98.81139511589546,70.4343733179165,42.42260695438065,199.4225325459421,435.19856766365046,23.50115833504353,4.223503002673526,1.8263713798178216,9.521581420211254,-0.2914391299748002,
2022-03-01,53.3,4.09,-0.01,-0.48,4.0,7.8,6.5,9.7,4.8,131.1,1.06,2.26,1.44,0.83,94.0,7.9,19.6,4595.0,97.8,287.0,17.6,2.6620419846973977,95.40287882883098,490.2927290434179,157472.93605123262,1334.175597577716,3.862474151424178,4.168801331037601,2.855019550129473,4.168801331037601,20325.907288947143,4044.4267543267424,122.46144654359207,9.366144970035569,4.543600154594432,-0.1500555870325267,40.85432628601703,81.59851108287525,151.97632450269018,130.35517094012417,106.91968347559232,86.42281860491397,66.0408195241214,162.41781036043628,77.37752375022511,55.43711707704743,447.90098504374174,92.66033938390694,194.06462228130687,18.658565715933488,78.12350730070499,97.62491754298158,71.10057237546222,39.0939694465126,205.8430912602004,427.8242811773072,21.167611190229493,3.954918216576072,1.3533934008952022,21.34610624426473,-0.4148746929015496,
2022-04-01,53.7,4.24,0.26,-0.1,3.9,8.6,7.4,11.2,4.7,109.7,1.47,2.27,1.87,0.4,110.0,7.1,21.6,4627.0,101.3,338.0,14.7,2.3074588597918417,107.7496720250877,501.63748278772647,156103.70265433466,1487.6170839215886,2.849039417632208,3.794061516938766,2.852460613968192,3.794061516938766,21371.63204701136,3904.250275667304,121.52182209332187,8.93313778071634,3.629385667913894,0.1255764534715422,40.79806104929962,83.13975137992527,153.98777585735377,131.83851203361695,114.46297216115094,88.62152412518589,66.03383997227526,160.81083548108072,76.27364699283578,57.20766896419935,472.3921481371731,96.39522948808256,204.37671216159768,18.201050586305414,78.757894598625,98.02687793869428,68.24739548398591,42.16688177943444,202.70361482252017,415.8276196042534,19.739861321919285,3.680635496117745,1.863612384511565,23.60796840338651,-0.7963620022702247,
2022-05-01,53.0,3.85,0.07,0.56,3.8,8.2,6.9,10.3,4.9,104.6,1.85,2.45,2.34,0.11,123.0,5.8,22.5,4382.0,101.7,352.0,6.8,2.1615389998470205,96.0837335383188,546.2931713334701,149790.98406035852,1395.042383818605,3.242404468900724,3.756196887963753,3.332107650354936,3.756196887963753,21085.43271906397,4251.151225114704,123.20002406876746,9.364308104225277,4.771698710648344,-0.1730718242838696,41.78315148620701,84.24842846396987,149.75380185430248,135.16734815685822,114.40418910372384,89.16915869729864,66.61933282559896,157.16238348683055,77.94302196821188,57.44000381497394,489.4082042525656,93.17430309707386,201.39666654400145,19.825043399294923,82.73244634927178,98.15791854102434,70.66570694495029,38.32215629559492,200.86950822470112,430.9217386267554,21.09997428400837,3.5216110583851234,1.6550310988069563,6.907218425460071,-0.7540552898376094,
2022-06-01,51.3,4.15,0.22,-0.26,3.8,8.9,7.4,11.9,5.2,103.7,2.29,2.79,2.52,0.27,126.0,4.3,24.3,4368.0,102.5,382.0,3.9,2.805838144420434,98.38969241897162,462.654696148165,151173.27383308782,1242.3096344337596,4.683437133722262,3.7837209060901897,4.334510762644697,3.7837209060901897,20908.00833182366,3821.0785395560993,123.507886771337,8.772836202011312,1.1514573793699243,0.0155790475814675,42.87685213621284,83.1093639600425,151.24178439049214,132.6330434431156,112.42927214542428,91.75767987817864,66.40707110159255,162.1324443181833,76.57758401837805,57.08849034764919,485.8886600465123,93.65417289577472,197.15801374639025,20.248816021584403,82.15080162165299,96.27309792813968,71.28513293459122,42.3347118691429,201.47306915661463,450.053103355326,24.514298433725145,3.4363373090296543,1.6106080171704718,14.001172788524505,-0.125114328411,
2022-07-01,49.8,2.93,0.12,0.16,3.7,9.1,7.7,12.3,4.8,98.6,2.65,2.9,2.82,0.08,126.0,4.1,23.5,4188.0,106.1,391.0,-1.6,3.0154997612479755,104.06758608684837,513.7252038074903,162776.64895788426,1210.1585328651645,4.822483856750642,4.1972260711891485,3.3702043243181974,4.1972260711891485,21009.2169665327,3962.625671167728,124.14647697311258,9.024829152954284,5.148765700372104,-1.0962750868952018,40.758825849102166,82.42620274596628,158.11931401298992,138.40576866380923,113.46063258994292,88.54561735831851,67.99775579782586,164.14366034418512,79.01872310095828,57.4542318715569,487.72626400253824,90.7326825178476,200.4949389172938,20.011989733621764,76.95505439361467,98.23917430209852,76.74761027844549,40.94608831814128,199.735645632374,447.0472304083592,20.92932982596756,3.214424461993329,1.5468048908706296,11.74908557928458,-0.2661952988284003,
2022-08-01,48.4,2.66,-0.03,0.26,3.6,8.7,7.3,12.4,4.5,98.3,3.0,3.23,3.41,-0.18,128.0,2.5,24.3,4335.0,109.4,388.0,-0.6,2.9656400595580994,93.84567841783024,467.74568257620695,144084.2861116417,1349.1919171506506,3.875481980221811,3.7895077595898687,2.748428523440947,3.7895077595898687,21173.790852680835,3912.053788345165,121.94612966276893,9.72812439684329,2.2602862212219,-1.4400508825942944,40.20536243561385,80.50347166679397,152.90883523537497,133.18986158005262,114.71337953196108,88.31891397915355,65.01325404035774,162.04584479022466,77.99422232444172,57.35695274233248,491.8793795072188,92.08053019596925,206.56412240526544,21.313046650215007,81.29801905262582,97.62352523798404,69.40257197254806,41.75710484960812,202.6702156448817,435.5245382195927,22.71690723641924,3.5232441555556586,1.45029427638511,22.413769109148788,-0.5117058558132632,
2022-09-01,46.1,2.14,-0.23,-0.46,3.6,8.2,7.1,11.2,4.7,91.6,3.33,3.39,3.42,-0.03,145.0,1.0,31.8,3978.0,109.1,449.0,-9.9,2.080391238388681,101.13729967302064,490.5613626842113,155470.9738117004,1167.9766792979358,4.288278481527883,4.144887428448207,3.377128467957028,4.144887428448207,20730.12015984532,4289.3955768707465,119.49864575904944,9.73574004759525,3.637559058596868,1.5945050632249722,41.32696472276479,81.09099886197097,152.10023090737587,135.1263489616537,110.40577260882552,88.30033283075377,65.90129719245914,165.17033915108777,77.4595287117045,56.21605699224271,481.8504313313011,92.62310121525574,204.2644120246123,19.717295547436017,81.34568467524825,97.88037115350384,74.6753424293121,38.34760596947319,187.59316346695016,447.2253361440749,20.53808744856905,3.5773257620428254,1.7401063316947745,6.670498293600375,-0.6253728637297672,
2022-10-01,45.6,1.39,-0.41,-0.15,3.6,8.1,7.0,10.8,4.6,88.0,3.56,3.43,3.69,-0.26,150.0,0.4,28.4,4007.0,111.4,440.0,-14.8,2.3453938120743927,106.53571377141212,521.7790119393474,147978.07347566105,1483.1458765854354,4.155625077271768,5.03770039932272,3.363638215126165,5.03770039932272,20610.847637298844,4039.310955302315,120.44014105929998,9.627637268535487,2.880330105373856,-0.8469613483183278,43.55774337373791,82.49959228026144,157.21236789613607,137.280157849617,112.94451784477792,87.57431609740256,66.03956704532054,166.2218296399259,78.47278020799251,57.52933166661122,484.3827956282729,92.79830474624656,207.2594142999528,20.47597057125516,77.51070233815742,99.87736694322786,73.86118742644969,38.95684826725402,199.1193723432052,435.61203823005445,23.51584369984724,3.127471827355513,1.5280719739696094,9.222518851160748,-1.107742361933413,
2022-11-01,44.7,1.66,-0.24,-1.46,3.6,7.2,6.1,10.0,4.1,82.7,4.16,3.95,4.3,-0.35,160.0,0.1,29.6,3942.0,112.4,461.0,-14.8,2.665631715701782,91.96258382719388,501.28560038190926,147823.1879677278,1417.9440120721288,5.539440404227619,4.435562351715846,2.1515566785292144,4.435562351715846,21097.92262754884,4206.368907893727,123.61952689952508,9.209907157061236,2.705318524279094,-0.9913923494563072,40.94742179140734,82.20550336811141,159.52096788567576,131.4809237931693,116.12087627107164,88.95494060617403,68.81973721896324,165.64190664134668,75.62561348274063,58.06719746570226,477.67890273240346,96.057263493622,214.821961958722,18.799865388920928,81.52912155256996,97.2374690093352,72.54922461620919,41.989637159398335,202.17046509627068,423.8046576257087,23.371015477580407,3.600252925173469,1.1065860592825696,20.049366751729885,-0.8212557256053317,
2022-12-01,45.1,1.13,-0.03,-0.61,3.5,7.1,6.1,8.6,4.6,79.8,4.52,4.18,4.55,-0.37,165.0,-1.2,28.7,3833.0,113.9,461.0,-19.4,2.98777256356118,100.92316929266153,478.4451044414139,160987.7685198719,1253.0824347895295,4.559787455717288,3.8369882339160792,3.472852566741094,3.8369882339160792,20510.813611192483,3702.8879253926057,117.5491929870383,9.485686593157403,5.16082678737852,-2.153390113603715,42.99804043230706,83.0743398911269,158.48216113681448,130.90382479969335,111.87911748589512,88.08215495216125,69.96476123977818,164.66697969317215,76.47249939904493,58.14899757122867,482.1404762590066,94.66959898892011,197.7209606161436,19.58880391198343,83.05176745128294,99.36742205421784,75.62567470333002,38.9466774855275,195.5702307867217,433.1649786729213,25.697217666592824,3.453422285352576,1.2765627076585997,6.025876979624312,0.073425726141917,
2023-01-01,46.2,2.16,0.03,-0.08,3.4,6.5,5.6,8.9,4.4,78.6,4.76,3.84,4.62,-0.78,161.0,-2.1,31.0,3789.0,114.7,463.0,-20.1,2.260412881077355,101.29941397124212,485.6939258148007,158254.1634898803,1128.6865470909122,3.9360412042596167,4.600606961081972,3.384532734895661,4.600606961081972,21204.12637785724,4053.410053173852,121.1060199266187,9.49891923827283,3.5322987986881085,-0.6389617476895022,43.12529318138164,83.65690494007633,159.67489004536927,131.8284743050093,115.54944190859791,89.07554028616437,67.76180637734707,167.67222507077545,76.55248598437733,58.75961193753778,492.90469944951866,91.39154191745124,214.2306411880961,20.7557787214212,77.8151513513666,98.33549490099348,72.97312660786433,41.81797884925849,203.6183635770096,459.6047912995398,21.64887210900157,2.9276577326367828,1.4628308495614506,14.850707614285785,-0.88413667130074,
2023-02-01,45.2,1.86,-0.17,-0.35,3.4,6.3,5.3,8.8,4.5,74.0,4.84,3.96,4.78,-0.82,149.0,-2.2,28.3,3879.0,112.6,449.0,-18.9,2.407170511668092,103.90911435888655,513.5919549786935,158135.0963600064,1435.3872374165412,3.5222297796997872,3.795962313489224,3.848103182406709,3.795962313489224,20148.70819788108,4177.926159124688,118.81998356301791,9.152490593242238,4.346503881730715,-1.3230897934074983,41.436647478922765,84.60654455154909,154.77780750537596,139.3911524038504,112.18419472862372,91.233891714148,67.83474862732287,168.93228236777875,78.73851102768772,58.36347158131877,500.2316154560255,94.16770835204473,207.2687676394233,20.99368042399616,78.30957267122447,98.39493862668488,73.1277159816973,38.20548342322409,201.0258366661537,442.8022378564058,23.337309609515813,3.2418844967661493,1.561999796633111,13.8421406935944,-0.4431560536336758,
2023-03-01,47.1,2.37,0.06,0.54,3.5,6.0,5.3,7.6,4.6,74.2,5.0,4.13,4.77,-0.65,157.0,-2.4,31.0,3975.0,111.9,451.0,-13.5,1.946832512996986,93.8152464456096,485.3926673656573,163054.7880715433,1288.5460154747382,3.1967768398712137,2.980937732411073,4.424478047472673,2.980937732411073,21514.577818662823,4016.456797855085,120.08623446880443,9.951019490530143,3.953079421120816,1.642015160136369,42.43109007780605,83.83900918402112,153.14420655399135,134.9868555676676,116.4598809011128,87.4876728197475,68.3019111855411,164.41433741001424,81.30359177633608,58.10346049817527,488.2440914600575,94.7313832560297,202.8554773487458,19.93494871498642,82.2642385963376,99.52531165508783,72.3636382120372,42.68430023256225,211.1870170457944,444.6745939411896,22.19613507907789,3.3759183399735067,1.4886823022200208,11.688023579774974,-0.1977668080414404,
2023-04-01,47.1,1.86,0.11,-0.35,3.5,5.4,4.6,7.7,4.5,77.9,5.25,4.23,4.74,-0.5,148.0,-1.8,28.3,4050.0,110.7,471.0,-12.5,1.9018966879596648,93.39771693457864,504.3291717916395,150210.0384163276,1423.781631197346,4.101731817933612,3.495956844541298,4.063282514773879,3.495956844541298,21236.298741206523,4213.09607501307,123.8353555878219,9.763208687172702,4.477040827223122,1.009817089342634,43.37500645512933,84.92298094337492,162.27508529321588,143.3862579017736,115.62038391966844,91.34140801175072,69.87791167290872,172.80414024169409,82.23249238796365,59.02656285250952,486.58244470088346,96.0754787999341,201.30023910022072,20.241653760190125,80.85624363369949,99.13523201746048,75.03749921062038,38.57109794877624,210.6361829634237,445.6763168324319,24.591743563726027,4.066306297202057,1.7437941579587326,12.891446306378477,-0.8764768004006878,
2023-05-01,47.3,2.3,-0.06,-0.02,3.5,5.0,4.1,6.9,4.2,76.2,5.35,4.37,4.71,-0.34,157.0,-2.4,24.1,4203.0,108.7,417.0,-4.1,2.906262911197099,102.60970782808448,500.9114367980763,156819.52971294965,1140.5572341205634,3.621824627357849,3.0646040394870724,3.3655556547225847,3.0646040394870724,21128.014867156937,3896.542309979925,120.57329720405971,9.433710747851102,4.076821891060256,-0.6881503451777238,41.86537250600519,84.44050846128656,157.16449060395553,135.58114901457512,112.41056542669465,91.84752934941754,67.31853731109442,168.35921677187108,80.0233417124021,57.95275432566941,492.5354000704937,97.01650305988376,207.60861491358472,18.879716614764973,81.50054291192482,99.42603468396652,74.90378184111574,42.18893722475664,200.80350227489112,469.2823297511517,20.56233522478254,3.666965937360128,1.109779627192275,15.59881173860466,-0.444586857565675,
2023-06-01,48.7,2.67,0.11,0.18,3.5,5.3,4.4,6.9,4.1,74.9,5.53,4.6,4.91,-0.31,137.0,-2.6,26.7,4364.0,108.9,405.0,-0.1,3.178120014285412,101.48492336616592,486.9679930478837,146897.33243406544,1240.0624977046227,3.288873145201163,3.8242432579793455,2.946737045629165,3.8242432579793455,21491.34549197276,4281.869488037116,120.13930964446844,9.50806575169836,2.7170077758114304,2.2524358053443088,42.10219595288197,81.36937397576152,157.7414768542493,137.84127917144482,118.7913422424564,89.61253651616337,68.99060256912148,169.12055975727893,79.99825466422391,57.14439571497482,499.987971103749,91.88547426694667,213.7648770656464,20.124898510036765,81.16310614364437,99.88384731113528,71.5799707262124,42.38379198777393,202.73978734578097,468.0668180692833,23.49001062575456,3.0993555292700328,1.528717587301032,8.227347167767663,-0.2186253387468035,
2023-07-01,49.4,2.07,0.12,0.6,3.6,4.8,4.0,6.7,4.6,74.8,5.5,4.48,4.92,-0.43,149.0,-2.5,23.1,4285.0,106.8,443.0,2.3,2.463994939209833,101.25246425172938,542.8788817865066,153241.6635248844,1300.5243699718185,3.676713557878737,4.009209189594776,4.786679901624931,4.009209189594776,21832.737222231288,4459.77962472385,115.92043157706024,9.562514842384266,4.99626681944714,0.9817654869915944,41.896101051973616,83.21995493615506,162.84000411229414,141.6841846718572,114.87787443465876,86.41091896084203,70.10510631630751,171.7120692869511,76.72612424214438,58.06761429146909,480.9831385856525,92.35418859203716,209.12129054269064,21.45664822376075,81.34765690209726,98.64459523127452,70.31331283971814,39.78717925470711,203.48568385870504,475.5612963103849,21.61060540776664,3.645810886825291,1.136404154922569,16.439917565671855,-0.4962502034278249,
2023-08-01,49.8,2.2,-0.04,-0.24,3.6,4.3,3.5,6.6,4.2,74.9,5.5,4.52,4.88,-0.36,137.0,-2.9,19.4,4322.0,105.1,410.0,-0.3,3.001766448946012,101.73224104748488,512.6783804463603,148698.56945632317,1304.6980593764742,3.459225998192802,4.8382186561376415,3.529609217007244,4.8382186561376415,21507.185032509064,3927.432287912068,122.23876069808166,8.887479539472713,3.506243416838688,-0.3248313835086224,41.64602594074692,84.68512256144783,160.88555749808148,143.20379331644264,114.97648078314668,89.18959418820454,69.64539832453626,170.57761692124802,78.79442303533872,57.56012516300206,473.9056603481457,91.52098886048402,217.91722043436928,21.22580742574512,77.99765815301639,98.42390784380552,72.6663278818352,42.39296879682006,201.9585700890813,453.349306932144,21.871623645783004,3.0358088033184902,1.6519424590968337,21.108646585999725,0.3605209167000305,
2023-09-01,49.0,2.38,0.2,0.57,3.6,4.4,3.8,6.0,4.1,72.6,5.51,4.56,5.07,-0.5,129.0,-3.2,14.4,4486.0,105.0,395.0,12.8,2.680818012523817,96.59987639210756,459.49714826684783,150969.9596499272,1254.9934528520755,4.843570817536282,4.163463686882081,3.506964645956473,4.163463686882081,20079.562884334176,3910.8994957198456,121.93645254342324,9.42584678524382,2.443418101340249,-2.499405714873573,42.034794831417074,83.172922146394,160.94597656925689,143.66111411853174,117.46534861945024,92.6326015725274,69.39705851121691,173.2669046984019,78.60748099864367,57.76935209029927,492.8078845171324,93.62834582395472,203.70797697142896,21.235605480417355,82.82957517227904,98.01123501561088,71.59269395554206,41.79799296040205,205.5534381731527,459.4622689838565,22.183504968896745,3.824807316166122,1.4811082571115994,20.20321859580318,-1.0005797776634586,
2023-10-01,49.9,2.31,0.25,0.25,3.7,3.8,3.4,5.3,4.1,71.5,5.49,4.73,4.86,-0.13,128.0,-3.3,19.9,4732.0,102.6,412.0,18.1,2.177440122697438,101.16126848580502,503.7290862953885,155951.57025436914,1362.28499323475,4.440819878474725,3.890449735595568,3.4879374564449983,3.890449735595568,20360.21151663215,4290.67689542354,126.48976416991638,9.29540472560066,3.571884839034088,2.2909425725907417,41.67145019622875,86.26109078727103,166.43476607084784,141.75621003086746,119.8161587952492,90.59365441457383,70.60858883599994,171.52120696720004,79.03860812069561,58.48560777546595,487.5519118854367,95.08934325491676,211.5058203210107,20.86905079561469,83.15845709328929,98.33121597604514,73.18620386281748,40.2476174924338,201.14834869170664,442.9058636624186,22.50448079285336,3.3586626044546364,1.5839219944048235,8.077998093875474,-0.1823814410348363,
2023-11-01,50.8,2.14,0.34,-0.02,3.6,3.7,3.0,4.9,4.1,72.9,5.5,4.9,4.85,0.05,126.0,-3.4,12.6,4615.0,102.2,379.0,17.1,2.680697802754207,101.4653623664934,486.7642707046322,141817.79316766528,1193.2379570617406,3.9960136793416914,4.414702790591744,3.599042380383928,4.414702790591744,20687.59071115216,4315.914429146143,119.076665295141,9.199513997031524,5.50075979063431,-1.389572466763596,42.77425472641461,87.94317723536437,158.37065012813667,141.5902734104833,115.31940886571742,89.13853560268902,65.94965344078774,169.0281522083795,79.89838668176137,57.90544652063499,496.1234173006353,96.19153650305772,205.9067074767296,20.910677616459505,80.44483296969527,102.16596189518825,75.90861120912732,39.3563846077512,199.64812814458944,474.40789847805024,21.767541913756084,3.471909143378249,1.3272234078820468,7.984989394829478,-0.5518405212189393,
2023-12-01,51.7,2.51,0.36,0.44,3.6,3.2,2.8,4.0,4.0,70.0,5.5,5.18,4.94,0.23,128.0,-3.5,10.5,4848.0,101.0,407.0,26.5,3.2690182832329846,96.42824290986816,517.0486666959245,170923.8727568546,1285.7620514978707,4.739972069445013,2.8944323454960577,3.4278197940380286,2.8944323454960577,21013.04552510541,3895.4279945693465,120.65745098299182,9.415669912134211,4.850221742113493,-1.6453987469568918,42.22739490912899,87.63676595066751,163.44617098665333,140.78153392334477,117.95497277809928,90.18405130861083,70.50171984310101,172.53030525656314,79.62318943465912,58.57088087161393,501.17279922146383,94.12520638644988,214.58924375047425,20.32763066775547,80.90099790760118,100.52178801447172,72.6396135572963,37.4964353636428,208.77620672191097,449.5270237644291,22.42942636634105,3.897738994262657,1.7558929863315502,10.363487354898266,-0.2684239535489975,
2024-01-01,50.3,2.34,0.06,0.34,3.7,3.3,2.7,4.8,3.9,72.8,5.48,4.85,5.0,-0.15,123.0,-1.8,14.5,4851.0,101.5,388.0,28.0,2.482086980445024,109.32887255572378,484.149585231346,139939.82618500298,1312.02956317119,4.038684153823809,4.117807279054283,3.2131689965598818,4.117807279054283,21258.82951023456,3915.962636580829,120.74815105113228,10.039305958054856,3.651347865592141,1.0225704320096405,43.12678776557718,85.53800947880083,161.19513576023343,141.57795566550314,119.02773365012486,92.67604199686498,68.92681004566928,168.0991122811522,77.54309847720741,56.95919254104964,499.5639014519385,93.69765435108069,217.80793092639013,21.77111757682904,78.01007415151507,97.98627503138232,73.58905203255756,42.16917961267168,209.1717443066512,464.9388399749757,25.15623611512437,3.113850929424725,1.7083449328117704,12.221494526820743,-0.3676078544902262,
2024-02-01,50.6,2.6,0.12,0.19,3.7,3.2,2.7,4.0,3.9,68.9,5.42,4.86,4.96,-0.1,116.0,-1.7,16.9,4758.0,101.5,371.0,22.7,3.282321827907003,102.36916460455892,497.705271170662,137858.1138721227,1351.4438834058749,3.569357899335868,4.385432596943484,3.226570529379804,4.385432596943484,20637.128093423267,3943.6430782278985,124.73235983929042,9.692252858380105,3.6507422956815714,2.439752406339273,41.79142806135035,88.45745097558644,162.19131900526446,138.43438701706387,119.87422992634038,92.381254294858,67.55391217384565,172.4919693717379,81.81463646851365,59.40932187329096,520.0668440194063,94.70110634594326,211.8720946460525,21.577599450413487,82.18513601805977,98.0751324047022,73.91122619250835,38.38846674643252,202.3639633703748,453.3643241212619,23.97089937123044,3.0808645444661025,1.6167088606023776,13.169111628169652,-0.7199468591329989,
2024-03-01,50.3,2.42,0.27,0.33,3.8,3.0,2.5,4.1,4.0,74.6,5.37,4.77,4.85,-0.08,118.0,-1.1,15.6,4866.0,101.5,399.0,22.4,1.1901274479551278,94.04348251398676,510.09974557960913,161581.1087350007,1371.161487808889,4.761562038634828,3.260706877110079,3.4836233648920008,3.260706877110079,21093.38338223854,3731.1098977931447,119.71411340283916,9.32864630306516,3.6783649487826175,1.3842728185105182,43.397234306253495,86.50292817248724,166.33239323104482,138.0534057946683,119.0026292529352,91.25044193743562,70.7549248251656,172.42378451186545,79.26437943729391,59.3085549385611,510.2553994532521,92.78754552204116,201.5572439698764,21.73298270341449,82.38507873884997,99.93969738701968,75.61252441501298,41.75695345912358,211.22376510562023,460.0149461904444,23.738309184993792,3.3249202020961985,1.4740965506273118,18.593944336666905,-0.4313010822621979,
2024-04-01,50.4,2.81,0.28,0.25,3.9,3.1,2.5,4.0,3.9,73.8,5.27,4.83,4.84,-0.01,128.0,-1.1,14.7,4970.0,102.2,362.0,22.7,2.910951252187612,103.28276804316914,517.3151038834025,157916.62693962935,1187.5357908162132,4.2694550218423295,4.5718770216034645,3.2282876144331176,4.5718770216034645,20622.30853382334,3816.26961070316,120.837064577311,9.671774834406849,6.076747983560841,0.5639091200523596,43.89573883193774,85.91849377151233,163.63194100380863,140.48520231434597,118.07205682630588,91.23784428304756,72.03274406051908,172.24968870733028,81.4130871636366,58.54096154196958,511.43847853586726,98.69714973254617,216.1754636255488,20.79926636215169,81.20091917082065,100.06533708653458,69.54236591034405,41.087561399160805,203.9505450891131,459.0972552075752,21.088920947952257,3.811513655305795,1.6159714570590265,6.133608643316708,-1.0573704354194862,
2024-05-01,51.6,2.49,0.29,0.36,3.9,3.0,2.6,4.3,3.9,73.6,5.29,4.9,4.65,0.25,125.0,-0.7,15.0,4891.0,102.8,374.0,16.4,2.5435235341190854,95.1265916488634,475.99407185888447,156241.19817052156,1146.5885829264378,3.481376922836772,4.169248203747207,3.1435771086614177,4.169248203747207,20694.241098504022,3799.1718466495854,121.82368952914962,9.9198066309758,4.381935452231553,0.594754341665286,41.73031269076211,85.66915814797305,164.08476775522118,140.36474889709783,117.32387982782583,91.40027620686648,70.22493138881532,172.88988478267254,84.34606376366109,60.29745939190216,516.1015895127232,91.36299119877594,217.96682528878804,19.256295634345623,83.65834527395788,100.12719708832942,72.9432259164935,43.02093615328603,208.73570570826217,462.9573919715551,20.22151834354335,3.044196177356948,1.35862148640253,5.693454084521328,-0.3190257498285819,
2024-06-01,52.1,2.59,0.63,0.48,3.9,3.1,2.5,4.3,3.9,75.3,5.11,4.53,4.8,-0.27,118.0,-1.0,15.6,4942.0,102.6,365.0,13.2,2.3504963247670663,103.93542301871226,493.309975283181,156283.4550926428,1427.7676821898508,3.904830660958196,3.7923560430495993,3.5532151138459485,3.7923560430495993,20296.66945157589,3846.4404869791742,120.55982736946908,9.777390104873833,4.43004164719107,0.8534155587803077,43.72093200286601,86.3594219955949,166.04884731313425,139.9420889994599,119.5991550969189,90.70298702370197,71.79897787521924,167.66483004235937,80.03658576322277,60.736146428497655,499.9369700270116,95.00803537465892,218.4070159434832,22.59112861536816,80.82582144165457,99.3835984233138,74.69967581829388,41.10675237451425,211.93304536426712,465.2111826070644,23.910601116475505,2.650353320566829,1.6711111318041425,12.83821125887818,-0.4105524602028423,
2024-07-01,51.6,2.79,0.31,0.67,3.9,2.8,2.4,4.2,3.9,77.0,5.08,4.47,4.61,-0.14,115.0,0.2,15.8,4961.0,102.6,374.0,15.8,2.545880388267751,105.79297789503704,490.50109377678086,149877.53227153086,1333.2314011979593,3.562190873307621,4.316390933053143,3.372511391289573,4.316390933053143,20538.38337694455,3993.063022522644,118.6606991563484,9.517889110976052,5.030283454031842,0.7589285897867651,44.50020748313526,86.41506166864728,162.0979128957087,143.24434230314648,117.3159929688124,95.2220422865559,72.81282920526476,172.31636945185542,77.80095425804919,58.0690335467845,523.1622022115521,98.74600761918218,223.16686276633968,21.099475797003645,82.70752510479925,99.57334092072,76.79774827429951,41.100140571884126,208.0247082608188,466.6859867495444,23.752093585059587,3.3646523424773003,1.8298961788647845,18.94327384275961,-0.3084019494070693,
2024-08-01,52.3,2.51,0.38,0.12,3.9,2.9,2.5,3.7,4.0,75.9,5.0,4.56,4.64,-0.08,114.0,0.3,15.3,4975.0,102.3,373.0,15.1,1.5062155426995536,95.89658840824144,486.9334153485258,141027.4562851417,1225.1513463443446,3.308600134517832,5.1353464289021975,4.251996494291344,5.1353464289021975,20324.15769719184,4046.842946507304,120.58226997869492,9.305918966688328,4.238789159026513,0.2811914239693758,42.646745016372336,87.50158161845138,161.03658786545284,144.23078149409056,113.51278797245644,92.132778093907,72.58288276556287,174.75493500895277,81.34810210091477,59.13088226164946,513.4592246045249,94.77263583369832,212.2350930475379,20.79987483836652,79.62332192502541,100.08691566873767,73.53426739414421,43.27097032423924,210.8279214281756,482.0682788768392,24.945341351501963,3.665522239973276,1.7141221119958372,8.868706859129652,-0.1825645024738549,
2024-09-01,52.1,2.75,0.37,0.8,4.0,2.9,2.5,3.8,3.6,70.5,5.03,4.46,4.52,-0.06,116.0,0.8,15.3,5038.0,102.6,351.0,12.3,2.390164056081244,104.8168806462216,535.309084805622,150758.04558193727,1455.1151975522523,4.46308877376582,4.090933127529247,2.174515095803494,4.090933127529247,20512.063373511333,4310.100098562815,123.22089524957931,9.709466994084076,3.740957854179297,0.104201103951876,45.04890128296414,87.67860511666773,160.7812350685393,142.29009886821422,121.1652508462553,94.95471165407804,73.16207437011052,175.35491394836757,83.60927077779905,59.2563530537882,522.3674567748217,94.43919903843074,221.5938516115896,22.44046686372122,81.69988365005875,99.90517011472708,70.88544880478372,42.52553774491522,206.33351443116453,464.2525768886519,20.79203874806154,3.860078524921649,1.354079506038518,17.830089625125034,-0.3897140479370867,
2024-10-01,51.8,2.94,0.35,-0.01,4.0,2.6,2.1,3.1,3.9,71.9,4.9,4.51,4.46,0.05,107.0,-0.0,15.4,5045.0,103.3,338.0,6.6,2.678556285755873,102.06390463468249,508.0996342192191,143228.3828848789,1311.567463429286,4.954708320235065,4.124110293150168,4.045753425961231,4.124110293150168,21526.82089830392,3800.329191852242,116.92045410176682,9.618045615626524,3.8036501509150216,-0.0625931278995224,44.142444123155485,87.61933146357076,158.37803866560694,146.2150721866473,122.45853616846192,95.67659873405132,72.15151272634526,171.94035521168752,85.07607539819837,59.2010463478164,506.38986140453824,94.1646272266683,224.75771828528147,21.43931266128569,81.48261678539914,97.66021769954162,75.9984590365106,42.53592637219688,208.29477551659448,479.0728841496567,21.540902689279307,3.3610515913743804,1.5722834634546206,10.196562758805989,-0.4555731740605171,
2024-11-01,52.5,2.53,0.26,0.36,4.1,2.6,2.2,3.4,3.9,73.5,4.87,4.32,4.41,-0.09,110.0,1.8,14.6,5161.0,103.4,349.0,11.8,3.238947022370758,104.11030079997244,474.7823209132991,159751.1973341775,1417.9297184063826,3.3007162130904293,3.770319550229878,4.123042596248815,3.770319550229878,20525.30055558403,4196.864479695317,120.39890902244063,9.76855796600832,3.928398740585936,-0.7539645888666763,43.3396049732246,88.5063299872568,170.80717560668845,139.7183552912047,115.53648840084412,94.99230924974312,71.44143722454797,179.66472292209235,80.47495271675511,61.27989220564301,503.0166292073093,94.57897567261976,210.5046524414132,22.97559903464904,82.3662784946843,99.70995940556938,73.6087932946379,42.89034240853272,208.6092570624658,490.6133264628146,18.72103167494913,3.3765720178651994,1.2413716912482704,22.72172217627033,-0.7643205009983877,
2024-12-01,53.3,2.83,0.38,0.52,4.1,2.5,2.2,3.5,3.6,75.1,4.68,4.16,4.34,-0.17,102.0,1.5,15.6,5154.0,103.9,332.0,6.3,2.2408648908631763,109.48396491326974,518.3572389410955,148529.42618497863,1306.751848141011,4.281484618345285,3.575077815267604,2.4633048837959253,3.575077815267604,22316.191032418694,3957.202231154898,117.89963755518248,9.690551540504591,3.962777763490158,-0.280675076866774,43.95538473787384,89.90503403965815,161.69037490283495,142.49648540587273,118.77859244963815,92.76624546837934,69.41744444453369,173.2282404857136,83.24504883485479,60.286791247349925,528.1788965802502,97.74569694935306,221.59825912959488,22.617005949576697,81.26094614233328,99.14859356573967,72.62066668181927,38.928855753585786,206.2671082672988,474.8680363548661,21.21505778787825,3.846170220276724,1.6144780622351351,22.91379888533233,-0.7136662290947153,
2026-05-01,53.3,2.83,0.38,0.52,4.1,2.5117,2.2,3.5,3.6,75.1,4.68,4.377999782562256,3.575000047683716,0.80299973487854,102.0,1.5,16.989999771118164,5154.0,103.9,600.0,6.3,2.2408648908631763,109.48396491326974,518.3572389410955,148529.42618497863,1306.751848141011,4.281484618345285,4.377999782562256,3.575000047683716,3.575077815267604,22316.191032418694,3957.202231154898,117.89963755518248,9.690551540504591,3.962777763490158,-0.280675076866774,43.95538473787384,89.90503403965815,161.69037490283495,142.49648540587273,118.77859244963815,92.76624546837934,69.41744444453369,173.2282404857136,83.24504883485479,60.286791247349925,528.1788965802502,97.74569694935306,221.59825912959488,22.617005949576697,81.26094614233328,99.14859356573967,72.62066668181927,38.928855753585786,206.2671082672988,474.8680363548661,21.21505778787825,3.846170220276724,1.6144780622351351,22.91379888533233,80.0,16.989999771118164
2026-05-03,,2.0,,,,,,,,,,,,,,,16.99,,,,,,,,,,,,,,,,,,,,,,,,,,,,,,,,,,,,,,,,,,,,,
